{
    "mIOU": 0.3000458537645545,
    "loss": 0.8160982052890622
}