{
    "mIOU": 0.3178456714109994,
    "loss": 0.3880207233041474
}