{
    "mIOU": 0.25666949859231064,
    "loss": 0.8680798198495593
}