{
    "mIOU": 0.31380888639340543,
    "loss": 0.38774737986187413
}