{
    "mIOU": 0.24283479016413864,
    "loss": 0.7390144485600141
}